vanilla_order,vanilla_key,vanilla_name,vanilla_rarity,vanilla_cost,archetype,vanilla_effect,vanilla_config,vanilla_blueprint_compat,vanilla_eternal_compat,vanilla_perishable_compat,upgradable,pattern,plus_key,plus_name,plus_effect,plus_config,plus_rarity,plus_cost,state_transfer,blueprint_compat,eternal_compat,perishable_compat,impl_notes,acceptance_tests,status,art_status,vanilla_effect_raw,vanilla_loc_vars
1,j_joker,Joker,Common,2,Flat Mult,+4 Mult,"{""mult"": 4}",true,true,true,,,,,,,,,,,,,,,draft,none,"[""{C:red,s:1.1}+#1#{} Mult""]","[{""n"": 1, ""expr"": ""self.ability.mult"", ""value"": ""4"", ""kind"": ""static""}]"
2,j_greedy_joker,Greedy Joker,Common,5,Suit-conditional,Played cards with Diamond suit give +3 Mult when scored,"{""extra"": {""s_mult"": 3, ""suit"": ""Diamonds""}}",true,true,true,,,,,,,,,,,,,,,draft,none,"[""Played cards with"", ""{C:diamonds}#2#{} suit give"", ""{C:mult}+#1#{} Mult when scored""]","[{""n"": 1, ""expr"": ""self.ability.extra.s_mult"", ""value"": ""3"", ""kind"": ""static""}, {""n"": 2, ""expr"": ""localize(self.ability.extra.suit, 'suits_singular')"", ""value"": ""Diamond"", ""kind"": ""static""}]"
3,j_lusty_joker,Lusty Joker,Common,5,Suit-conditional,Played cards with Heart suit give +3 Mult when scored,"{""extra"": {""s_mult"": 3, ""suit"": ""Hearts""}}",true,true,true,,,,,,,,,,,,,,,draft,none,"[""Played cards with"", ""{C:hearts}#2#{} suit give"", ""{C:mult}+#1#{} Mult when scored""]","[{""n"": 1, ""expr"": ""self.ability.extra.s_mult"", ""value"": ""3"", ""kind"": ""static""}, {""n"": 2, ""expr"": ""localize(self.ability.extra.suit, 'suits_singular')"", ""value"": ""Heart"", ""kind"": ""static""}]"
4,j_wrathful_joker,Wrathful Joker,Common,5,Suit-conditional,Played cards with Spade suit give +3 Mult when scored,"{""extra"": {""s_mult"": 3, ""suit"": ""Spades""}}",true,true,true,,,,,,,,,,,,,,,draft,none,"[""Played cards with"", ""{C:spades}#2#{} suit give"", ""{C:mult}+#1#{} Mult when scored""]","[{""n"": 1, ""expr"": ""self.ability.extra.s_mult"", ""value"": ""3"", ""kind"": ""static""}, {""n"": 2, ""expr"": ""localize(self.ability.extra.suit, 'suits_singular')"", ""value"": ""Spade"", ""kind"": ""static""}]"
5,j_gluttenous_joker,Gluttonous Joker,Common,5,Suit-conditional,Played cards with Club suit give +3 Mult when scored,"{""extra"": {""s_mult"": 3, ""suit"": ""Clubs""}}",true,true,true,,,,,,,,,,,,,,,draft,none,"[""Played cards with"", ""{C:clubs}#2#{} suit give"", ""{C:mult}+#1#{} Mult when scored""]","[{""n"": 1, ""expr"": ""self.ability.extra.s_mult"", ""value"": ""3"", ""kind"": ""static""}, {""n"": 2, ""expr"": ""localize(self.ability.extra.suit, 'suits_singular')"", ""value"": ""Club"", ""kind"": ""static""}]"
6,j_jolly,Jolly Joker,Common,3,Hand-type-conditional,+8 Mult if played hand contains a Pair,"{""t_mult"": 8, ""type"": ""Pair""}",true,true,true,,,,,,,,,,,,,,,draft,none,"[""{C:red}+#1#{} Mult if played"", ""hand contains"", ""a {C:attention}#2#""]","[{""n"": 1, ""expr"": ""self.ability.t_mult"", ""value"": ""8"", ""kind"": ""static""}, {""n"": 2, ""expr"": ""localize(self.ability.type, 'poker_hands')"", ""value"": ""Pair"", ""kind"": ""static""}]"
7,j_zany,Zany Joker,Common,4,Hand-type-conditional,+12 Mult if played hand contains a Three of a Kind,"{""t_mult"": 12, ""type"": ""Three of a Kind""}",true,true,true,,,,,,,,,,,,,,,draft,none,"[""{C:red}+#1#{} Mult if played"", ""hand contains"", ""a {C:attention}#2#""]","[{""n"": 1, ""expr"": ""self.ability.t_mult"", ""value"": ""12"", ""kind"": ""static""}, {""n"": 2, ""expr"": ""localize(self.ability.type, 'poker_hands')"", ""value"": ""Three of a Kind"", ""kind"": ""static""}]"
8,j_mad,Mad Joker,Common,4,Hand-type-conditional,+10 Mult if played hand contains a Two Pair,"{""t_mult"": 10, ""type"": ""Two Pair""}",true,true,true,,,,,,,,,,,,,,,draft,none,"[""{C:red}+#1#{} Mult if played"", ""hand contains"", ""a {C:attention}#2#""]","[{""n"": 1, ""expr"": ""self.ability.t_mult"", ""value"": ""10"", ""kind"": ""static""}, {""n"": 2, ""expr"": ""localize(self.ability.type, 'poker_hands')"", ""value"": ""Two Pair"", ""kind"": ""static""}]"
9,j_crazy,Crazy Joker,Common,4,Hand-type-conditional,+12 Mult if played hand contains a Straight,"{""t_mult"": 12, ""type"": ""Straight""}",true,true,true,,,,,,,,,,,,,,,draft,none,"[""{C:red}+#1#{} Mult if played"", ""hand contains"", ""a {C:attention}#2#""]","[{""n"": 1, ""expr"": ""self.ability.t_mult"", ""value"": ""12"", ""kind"": ""static""}, {""n"": 2, ""expr"": ""localize(self.ability.type, 'poker_hands')"", ""value"": ""Straight"", ""kind"": ""static""}]"
10,j_droll,Droll Joker,Common,4,Hand-type-conditional,+10 Mult if played hand contains a Flush,"{""t_mult"": 10, ""type"": ""Flush""}",true,true,true,,,,,,,,,,,,,,,draft,none,"[""{C:red}+#1#{} Mult if played"", ""hand contains"", ""a {C:attention}#2#""]","[{""n"": 1, ""expr"": ""self.ability.t_mult"", ""value"": ""10"", ""kind"": ""static""}, {""n"": 2, ""expr"": ""localize(self.ability.type, 'poker_hands')"", ""value"": ""Flush"", ""kind"": ""static""}]"
11,j_sly,Sly Joker,Common,3,Hand-type-conditional,+50 Chips if played hand contains a Pair,"{""t_chips"": 50, ""type"": ""Pair""}",true,true,true,,,,,,,,,,,,,,,draft,none,"[""{C:chips}+#1#{} Chips if played"", ""hand contains"", ""a {C:attention}#2#""]","[{""n"": 1, ""expr"": ""self.ability.t_chips"", ""value"": ""50"", ""kind"": ""static""}, {""n"": 2, ""expr"": ""localize(self.ability.type, 'poker_hands')"", ""value"": ""Pair"", ""kind"": ""static""}]"
12,j_wily,Wily Joker,Common,4,Hand-type-conditional,+100 Chips if played hand contains a Three of a Kind,"{""t_chips"": 100, ""type"": ""Three of a Kind""}",true,true,true,,,,,,,,,,,,,,,draft,none,"[""{C:chips}+#1#{} Chips if played"", ""hand contains"", ""a {C:attention}#2#""]","[{""n"": 1, ""expr"": ""self.ability.t_chips"", ""value"": ""100"", ""kind"": ""static""}, {""n"": 2, ""expr"": ""localize(self.ability.type, 'poker_hands')"", ""value"": ""Three of a Kind"", ""kind"": ""static""}]"
13,j_clever,Clever Joker,Common,4,Hand-type-conditional,+80 Chips if played hand contains a Two Pair,"{""t_chips"": 80, ""type"": ""Two Pair""}",true,true,true,,,,,,,,,,,,,,,draft,none,"[""{C:chips}+#1#{} Chips if played"", ""hand contains"", ""a {C:attention}#2#""]","[{""n"": 1, ""expr"": ""self.ability.t_chips"", ""value"": ""80"", ""kind"": ""static""}, {""n"": 2, ""expr"": ""localize(self.ability.type, 'poker_hands')"", ""value"": ""Two Pair"", ""kind"": ""static""}]"
14,j_devious,Devious Joker,Common,4,Hand-type-conditional,+100 Chips if played hand contains a Straight,"{""t_chips"": 100, ""type"": ""Straight""}",true,true,true,,,,,,,,,,,,,,,draft,none,"[""{C:chips}+#1#{} Chips if played"", ""hand contains"", ""a {C:attention}#2#""]","[{""n"": 1, ""expr"": ""self.ability.t_chips"", ""value"": ""100"", ""kind"": ""static""}, {""n"": 2, ""expr"": ""localize(self.ability.type, 'poker_hands')"", ""value"": ""Straight"", ""kind"": ""static""}]"
15,j_crafty,Crafty Joker,Common,4,Hand-type-conditional,+80 Chips if played hand contains a Flush,"{""t_chips"": 80, ""type"": ""Flush""}",true,true,true,,,,,,,,,,,,,,,draft,none,"[""{C:chips}+#1#{} Chips if played"", ""hand contains"", ""a {C:attention}#2#""]","[{""n"": 1, ""expr"": ""self.ability.t_chips"", ""value"": ""80"", ""kind"": ""static""}, {""n"": 2, ""expr"": ""localize(self.ability.type, 'poker_hands')"", ""value"": ""Flush"", ""kind"": ""static""}]"
16,j_half,Half Joker,Common,5,Flat Mult,+20 Mult if played hand contains 3 or fewer cards,"{""extra"": {""mult"": 20, ""size"": 3}}",true,true,true,,,,,,,,,,,,,,,draft,none,"[""{C:red}+#1#{} Mult if played"", ""hand contains"", ""{C:attention}#2#{} or fewer cards""]","[{""n"": 1, ""expr"": ""self.ability.extra.mult"", ""value"": ""20"", ""kind"": ""static""}, {""n"": 2, ""expr"": ""self.ability.extra.size"", ""value"": ""3"", ""kind"": ""static""}]"
17,j_stencil,Joker Stencil,Uncommon,8,xMult,X1 Mult for each empty Joker slot Joker Stencil included (Currently X1 ),{},true,true,true,,,,,,,,,,,,,,,draft,none,"[""{X:red,C:white} X1 {} Mult for each"", ""empty {C:attention}Joker{} slot"", ""{s:0.8}Joker Stencil included"", ""{C:inactive}(Currently {X:red,C:white} X#1# {C:inactive})""]","[{""n"": 1, ""expr"": ""self.ability.x_mult"", ""value"": ""1"", ""kind"": ""static""}]"
18,j_four_fingers,Four Fingers,Uncommon,7,Rule change,All Flushes and Straights can be made with 4 cards,{},false,true,true,,,,,,,,,,,,,,,draft,none,"[""All {C:attention}Flushes{} and"", ""{C:attention}Straights{} can be"", ""made with {C:attention}4{} cards""]",[]
19,j_mime,Mime,Uncommon,5,Retrigger,Retrigger all card held in hand abilities,"{""extra"": 1}",true,true,true,,,,,,,,,,,,,,,draft,none,"[""Retrigger all"", ""card {C:attention}held in"", ""{C:attention}hand{} abilities""]",[]
20,j_credit_card,Credit Card,Common,1,Economy,Go up to -$20 in debt,"{""extra"": 20}",false,true,true,,,,,,,,,,,,,,,draft,none,"[""Go up to"", ""{C:red}-$#1#{} in debt""]","[{""n"": 1, ""expr"": ""self.ability.extra"", ""value"": ""20"", ""kind"": ""static""}]"
21,j_ceremonial,Ceremonial Dagger,Uncommon,6,Scaling Mult,"When Blind is selected, destroy Joker to the right and permanently add double its sell value to this Mult (Currently +0 Mult)","{""mult"": 0}",true,true,false,,,,,,,,,,,,,,,draft,none,"[""When {C:attention}Blind{} is selected,"", ""destroy Joker to the right"", ""and permanently add {C:attention}double"", ""its sell value to this {C:red}Mult"", ""{C:inactive}(Currently {C:mult}+#1#{C:inactive} Mult)""]","[{""n"": 1, ""expr"": ""self.ability.mult"", ""value"": ""0"", ""kind"": ""static""}]"
22,j_banner,Banner,Common,5,Flat Chips,+30 Chips for each remaining discard,"{""extra"": 30}",true,true,true,,,,,,,,,,,,,,,draft,none,"[""{C:chips}+#1#{} Chips for"", ""each remaining"", ""{C:attention}discard""]","[{""n"": 1, ""expr"": ""self.ability.extra"", ""value"": ""30"", ""kind"": ""static""}]"
23,j_mystic_summit,Mystic Summit,Common,5,Flat Mult,+15 Mult when 0 discards remaining,"{""extra"": {""mult"": 15, ""d_remaining"": 0}}",true,true,true,,,,,,,,,,,,,,,draft,none,"[""{C:mult}+#1#{} Mult when"", ""{C:attention}#2#{} discards"", ""remaining""]","[{""n"": 1, ""expr"": ""self.ability.extra.mult"", ""value"": ""15"", ""kind"": ""static""}, {""n"": 2, ""expr"": ""self.ability.extra.d_remaining"", ""value"": ""0"", ""kind"": ""static""}]"
24,j_marble,Marble Joker,Uncommon,6,Deck manipulation,Adds one Stone card to deck when Blind is selected,"{""extra"": 1}",true,true,true,,,,,,,,,,,,,,,draft,none,"[""Adds one {C:attention}Stone{} card"", ""to deck when"", ""{C:attention}Blind{} is selected""]",[]
25,j_loyalty_card,Loyalty Card,Uncommon,5,xMult,X4 Mult every 6 hands played 5 remaining,"{""extra"": {""Xmult"": 4, ""every"": 5, ""remaining"": ""5 remaining""}}",true,true,true,,,,,,,,,,,,,,,draft,none,"[""{X:red,C:white} X#1# {} Mult every"", ""{C:attention}#2#{} hands played"", ""{C:inactive}#3#""]","[{""n"": 1, ""expr"": ""self.ability.extra.Xmult"", ""value"": ""4"", ""kind"": ""static""}, {""n"": 2, ""expr"": ""self.ability.extra.every + 1"", ""value"": ""6"", ""kind"": ""static""}, {""n"": 3, ""expr"": ""localize{type = 'variable', key = (self.ability.loyalty_remaining == 0 and 'loyalty_active' or 'loyalty_inactive'), vars = {self.ability.loyalty_remaining}}"", ""value"": ""5 remaining"", ""kind"": ""runtime""}]"
26,j_8_ball,8 Ball,Common,5,Probability,1 in 4 chance for each played 8 to create a Tarot card when scored (Must have room),"{""extra"": 4}",true,true,true,,,,,,,,,,,,,,,draft,none,"[""{C:green}#1# in #2#{} chance for each"", ""played {C:attention}8{} to create a"", ""{C:tarot}Tarot{} card when scored"", ""{C:inactive}(Must have room)""]","[{""n"": 1, ""expr"": ""''..(G.GAME and G.GAME.probabilities.normal or 1)"", ""value"": ""1"", ""kind"": ""static""}, {""n"": 2, ""expr"": ""self.ability.extra"", ""value"": ""4"", ""kind"": ""static""}]"
27,j_misprint,Misprint,Common,4,Flat Mult,"<custom UI: built in card.lua, see report>","{""extra"": {""max"": 23, ""min"": 0}}",true,true,true,,,,,,,,,,,,,,,draft,none,"[""""]",[]
28,j_dusk,Dusk,Uncommon,5,Retrigger,Retrigger all played cards in final hand of round,"{""extra"": 1}",true,true,true,,,,,,,,,,,,,,,draft,none,"[""Retrigger all played"", ""cards in {C:attention}final"", ""{C:attention}hand{} of round""]","[{""n"": 1, ""expr"": ""self.ability.extra+1"", ""value"": ""2"", ""kind"": ""static""}]"
29,j_raised_fist,Raised Fist,Common,5,Flat Mult,Adds double the rank of lowest ranked card held in hand to Mult,{},true,true,true,,,,,,,,,,,,,,,draft,none,"[""Adds {C:attention}double{} the rank"", ""of {C:attention}lowest{} ranked card"", ""held in hand to Mult""]",[]
30,j_chaos,Chaos the Clown,Common,4,Economy,1 free Reroll per shop,"{""extra"": 1}",false,true,true,,,,,,,,,,,,,,,draft,none,"[""{C:attention}#1#{} free {C:green}Reroll"", ""per shop""]","[{""n"": 1, ""expr"": ""self.ability.extra"", ""value"": ""1"", ""kind"": ""static""}]"
31,j_fibonacci,Fibonacci,Uncommon,8,Rank-conditional,"Each played Ace, 2, 3, 5, or 8 gives +8 Mult when scored","{""extra"": 8}",true,true,true,,,,,,,,,,,,,,,draft,none,"[""Each played {C:attention}Ace{},"", ""{C:attention}2{}, {C:attention}3{}, {C:attention}5{}, or {C:attention}8{} gives"", ""{C:mult}+#1#{} Mult when scored""]","[{""n"": 1, ""expr"": ""self.ability.extra"", ""value"": ""8"", ""kind"": ""static""}]"
32,j_steel_joker,Steel Joker,Uncommon,7,xMult,Gives X0.2 Mult for each Steel Card in your full deck (Currently X1 Mult),"{""extra"": 0.2}",true,true,true,,,,,,,,,,,,,,,draft,none,"[""Gives {X:mult,C:white} X#1# {} Mult"", ""for each {C:attention}Steel Card"", ""in your {C:attention}full deck"", ""{C:inactive}(Currently {X:mult,C:white} X#2# {C:inactive} Mult)""]","[{""n"": 1, ""expr"": ""self.ability.extra"", ""value"": ""0.2"", ""kind"": ""static""}, {""n"": 2, ""expr"": ""1 + self.ability.extra*(self.ability.steel_tally or 0)"", ""value"": ""1"", ""kind"": ""runtime""}]"
33,j_scary_face,Scary Face,Common,4,Rank-conditional,Played face cards give +30 Chips when scored,"{""extra"": 30}",true,true,true,,,,,,,,,,,,,,,draft,none,"[""Played {C:attention}face{} cards"", ""give {C:chips}+#1#{} Chips"", ""when scored""]","[{""n"": 1, ""expr"": ""self.ability.extra"", ""value"": ""30"", ""kind"": ""static""}]"
34,j_abstract,Abstract Joker,Common,4,Flat Mult,+3 Mult for each Joker card (Currently +0 Mult),"{""extra"": 3}",true,true,true,,,,,,,,,,,,,,,draft,none,"[""{C:mult}+#1#{} Mult for"", ""each {C:attention}Joker{} card"", ""{C:inactive}(Currently {C:red}+#2#{C:inactive} Mult)""]","[{""n"": 1, ""expr"": ""self.ability.extra"", ""value"": ""3"", ""kind"": ""static""}, {""n"": 2, ""expr"": ""(G.jokers and G.jokers.cards and #G.jokers.cards or 0)*self.ability.extra"", ""value"": ""0"", ""kind"": ""runtime""}]"
35,j_delayed_grat,Delayed Gratification,Common,4,Economy,Earn $2 per discard if no discards are used by end of the round,"{""extra"": 2}",false,true,true,,,,,,,,,,,,,,,draft,none,"[""Earn {C:money}$#1#{} per {C:attention}discard{} if"", ""no discards are used"", ""by end of the round""]","[{""n"": 1, ""expr"": ""self.ability.extra"", ""value"": ""2"", ""kind"": ""static""}]"
36,j_hack,Hack,Uncommon,6,Retrigger,"Retrigger each played 2, 3, 4, or 5","{""extra"": 1}",true,true,true,,,,,,,,,,,,,,,draft,none,"[""Retrigger"", ""each played"", ""{C:attention}2{}, {C:attention}3{}, {C:attention}4{}, or {C:attention}5{}""]","[{""n"": 1, ""expr"": ""self.ability.extra+1"", ""value"": ""2"", ""kind"": ""static""}]"
37,j_pareidolia,Pareidolia,Uncommon,5,Rule change,All cards are considered face cards,{},false,true,true,,,,,,,,,,,,,,,draft,none,"[""All cards are"", ""considered"", ""{C:attention}face{} cards""]",[]
38,j_gros_michel,Gros Michel,Common,5,Self-destructing / decaying,+15 Mult 1 in 6 chance this card is destroyed at end of round,"{""extra"": {""odds"": 6, ""mult"": 15}}",true,false,true,,,,,,,,,,,,,,,draft,none,"[""{C:mult}+#1#{} Mult"", ""{C:green}#2# in #3#{} chance this"", ""card is destroyed"", ""at end of round""]","[{""n"": 1, ""expr"": ""self.ability.extra.mult"", ""value"": ""15"", ""kind"": ""static""}, {""n"": 2, ""expr"": ""''..(G.GAME and G.GAME.probabilities.normal or 1)"", ""value"": ""1"", ""kind"": ""static""}, {""n"": 3, ""expr"": ""self.ability.extra.odds"", ""value"": ""6"", ""kind"": ""static""}]"
39,j_even_steven,Even Steven,Common,4,Rank-conditional,"Played cards with even rank give +4 Mult when scored (10, 8, 6, 4, 2)","{""extra"": 4}",true,true,true,,,,,,,,,,,,,,,draft,none,"[""Played cards with"", ""{C:attention}even{} rank give"", ""{C:mult}+#1#{} Mult when scored"", ""{C:inactive}(10, 8, 6, 4, 2)""]","[{""n"": 1, ""expr"": ""self.ability.extra"", ""value"": ""4"", ""kind"": ""static""}]"
40,j_odd_todd,Odd Todd,Common,4,Rank-conditional,"Played cards with odd rank give +31 Chips when scored (A, 9, 7, 5, 3)","{""extra"": 31}",true,true,true,,,,,,,,,,,,,,,draft,none,"[""Played cards with"", ""{C:attention}odd{} rank give"", ""{C:chips}+#1#{} Chips when scored"", ""{C:inactive}(A, 9, 7, 5, 3)""]","[{""n"": 1, ""expr"": ""self.ability.extra"", ""value"": ""31"", ""kind"": ""static""}]"
41,j_scholar,Scholar,Common,4,Rank-conditional,Played Aces give +20 Chips and +4 Mult when scored,"{""extra"": {""mult"": 4, ""chips"": 20}}",true,true,true,,,,,,,,,,,,,,,draft,none,"[""Played {C:attention}Aces{}"", ""give {C:chips}+#2#{} Chips"", ""and {C:mult}+#1#{} Mult"", ""when scored""]","[{""n"": 1, ""expr"": ""self.ability.extra.mult"", ""value"": ""4"", ""kind"": ""static""}, {""n"": 2, ""expr"": ""self.ability.extra.chips"", ""value"": ""20"", ""kind"": ""static""}]"
42,j_business,Business Card,Common,4,Probability,Played face cards have a 1 in 2 chance to give $2 when scored,"{""extra"": 2}",true,true,true,,,,,,,,,,,,,,,draft,none,"[""Played {C:attention}face{} cards have"", ""a {C:green}#1# in #2#{} chance to"", ""give {C:money}$2{} when scored""]","[{""n"": 1, ""expr"": ""''..(G.GAME and G.GAME.probabilities.normal or 1)"", ""value"": ""1"", ""kind"": ""static""}, {""n"": 2, ""expr"": ""self.ability.extra"", ""value"": ""2"", ""kind"": ""static""}]"
43,j_supernova,Supernova,Common,5,Scaling Mult,Adds the number of times poker hand has been played this run to Mult,"{""extra"": 1}",true,true,true,,,,,,,,,,,,,,,draft,none,"[""Adds the number of times"", ""{C:attention}poker hand{} has been"", ""played this run to Mult""]",[]
44,j_ride_the_bus,Ride the Bus,Common,6,Scaling Mult,This Joker gains +1 Mult per consecutive hand played without a scoring face card (Currently +0 Mult),"{""extra"": 1}",true,true,false,,,,,,,,,,,,,,,draft,none,"[""This Joker gains {C:mult}+#1#{} Mult"", ""per {C:attention}consecutive{} hand"", ""played without a"", ""scoring {C:attention}face{} card"", ""{C:inactive}(Currently {C:mult}+#2#{C:inactive} Mult)""]","[{""n"": 1, ""expr"": ""self.ability.extra"", ""value"": ""1"", ""kind"": ""static""}, {""n"": 2, ""expr"": ""self.ability.mult"", ""value"": ""0"", ""kind"": ""static""}]"
45,j_space,Space Joker,Uncommon,5,Probability,1 in 4 chance to upgrade level of played poker hand,"{""extra"": 4}",true,true,true,,,,,,,,,,,,,,,draft,none,"[""{C:green}#1# in #2#{} chance to"", ""upgrade level of"", ""played {C:attention}poker hand{}""]","[{""n"": 1, ""expr"": ""''..(G.GAME and G.GAME.probabilities.normal or 1)"", ""value"": ""1"", ""kind"": ""static""}, {""n"": 2, ""expr"": ""self.ability.extra"", ""value"": ""4"", ""kind"": ""static""}]"
46,j_egg,Egg,Common,4,Economy,Gains $3 of sell value at end of round,"{""extra"": 3}",false,true,true,,,,,,,,,,,,,,,draft,none,"[""Gains {C:money}$#1#{} of"", ""{C:attention}sell value{} at"", ""end of round""]","[{""n"": 1, ""expr"": ""self.ability.extra"", ""value"": ""3"", ""kind"": ""static""}]"
47,j_burglar,Burglar,Uncommon,6,Hands & discards,"When Blind is selected, gain +3 Hands and lose all discards","{""extra"": 3}",true,true,true,,,,,,,,,,,,,,,draft,none,"[""When {C:attention}Blind{} is selected,"", ""gain {C:blue}+#1#{} Hands and"", ""{C:attention}lose all discards""]","[{""n"": 1, ""expr"": ""self.ability.extra"", ""value"": ""3"", ""kind"": ""static""}]"
48,j_blackboard,Blackboard,Uncommon,6,Suit-conditional,X3 Mult if all cards held in hand are Spades or Clubs,"{""extra"": 3}",true,true,true,,,,,,,,,,,,,,,draft,none,"[""{X:red,C:white} X#1# {} Mult if all"", ""cards held in hand"", ""are {C:spades}#2#{} or {C:clubs}#3#{}""]","[{""n"": 1, ""expr"": ""self.ability.extra"", ""value"": ""3"", ""kind"": ""static""}, {""n"": 2, ""expr"": ""localize('Spades', 'suits_plural')"", ""value"": ""Spades"", ""kind"": ""static""}, {""n"": 3, ""expr"": ""localize('Clubs', 'suits_plural')"", ""value"": ""Clubs"", ""kind"": ""static""}]"
49,j_runner,Runner,Common,5,Scaling Chips,Gains +15 Chips if played hand contains a Straight (Currently +0 Chips),"{""extra"": {""chips"": 0, ""chip_mod"": 15}}",true,true,false,,,,,,,,,,,,,,,draft,none,"[""Gains {C:chips}+#2#{} Chips"", ""if played hand"", ""contains a {C:attention}Straight{}"", ""{C:inactive}(Currently {C:chips}+#1#{C:inactive} Chips)""]","[{""n"": 1, ""expr"": ""self.ability.extra.chips"", ""value"": ""0"", ""kind"": ""static""}, {""n"": 2, ""expr"": ""self.ability.extra.chip_mod"", ""value"": ""15"", ""kind"": ""static""}]"
50,j_ice_cream,Ice Cream,Common,5,Self-destructing / decaying,+100 Chips -5 Chips for every hand played,"{""extra"": {""chips"": 100, ""chip_mod"": 5}}",true,false,true,,,,,,,,,,,,,,,draft,none,"[""{C:chips}+#1#{} Chips"", ""{C:chips}-#2#{} Chips for"", ""every hand played""]","[{""n"": 1, ""expr"": ""self.ability.extra.chips"", ""value"": ""100"", ""kind"": ""static""}, {""n"": 2, ""expr"": ""self.ability.extra.chip_mod"", ""value"": ""5"", ""kind"": ""static""}]"
51,j_dna,DNA,Rare,8,Deck manipulation,"If first hand of round has only 1 card, add a permanent copy to deck and draw it to hand",{},true,true,true,,,,,,,,,,,,,,,draft,none,"[""If {C:attention}first hand{} of round"", ""has only {C:attention}1{} card, add a"", ""permanent copy to deck"", ""and draw it to {C:attention}hand""]","[{""n"": 1, ""expr"": ""self.ability.extra"", ""value"": ""<?>"", ""kind"": ""unresolved""}]"
52,j_splash,Splash,Common,3,Rule change,Every played card counts in scoring,{},false,true,true,,,,,,,,,,,,,,,draft,none,"[""Every {C:attention}played card"", ""counts in scoring""]",[]
53,j_blue_joker,Blue Joker,Common,5,Flat Chips,+2 Chips for each remaining card in deck (Currently +104 Chips),"{""extra"": 2}",true,true,true,,,,,,,,,,,,,,,draft,none,"[""{C:chips}+#1#{} Chips for each"", ""remaining card in {C:attention}deck"", ""{C:inactive}(Currently {C:chips}+#2#{C:inactive} Chips)""]","[{""n"": 1, ""expr"": ""self.ability.extra"", ""value"": ""2"", ""kind"": ""static""}, {""n"": 2, ""expr"": ""self.ability.extra*((G.deck and G.deck.cards) and #G.deck.cards or 52)"", ""value"": ""104"", ""kind"": ""runtime""}]"
54,j_sixth_sense,Sixth Sense,Uncommon,6,Card generation,"If first hand of round is a single 6, destroy it and create a Spectral card (Must have room)",{},false,true,true,,,,,,,,,,,,,,,draft,none,"[""If {C:attention}first hand{} of round is"", ""a single {C:attention}6{}, destroy it and"", ""create a {C:spectral}Spectral{} card"", ""{C:inactive}(Must have room)""]",[]
55,j_constellation,Constellation,Uncommon,6,Scaling xMult,This Joker gains X0.1 Mult every time a Planet card is used (Currently X1 Mult),"{""extra"": 0.1, ""Xmult"": 1}",true,true,false,,,,,,,,,,,,,,,draft,none,"[""This Joker gains"", ""{X:mult,C:white} X#1# {} Mult every time"", ""a {C:planet}Planet{} card is used"", ""{C:inactive}(Currently {X:mult,C:white} X#2# {C:inactive} Mult)""]","[{""n"": 1, ""expr"": ""self.ability.extra"", ""value"": ""0.1"", ""kind"": ""static""}, {""n"": 2, ""expr"": ""self.ability.x_mult"", ""value"": ""1"", ""kind"": ""static""}]"
56,j_hiker,Hiker,Uncommon,5,Deck manipulation,Every played card permanently gains +5 Chips when scored,"{""extra"": 5}",true,true,true,,,,,,,,,,,,,,,draft,none,"[""Every played {C:attention}card{}"", ""permanently gains"", ""{C:chips}+#1#{} Chips when scored""]","[{""n"": 1, ""expr"": ""self.ability.extra"", ""value"": ""5"", ""kind"": ""static""}]"
57,j_faceless,Faceless Joker,Common,4,Economy,Earn $5 if 3 or more face cards are discarded at the same time,"{""extra"": {""dollars"": 5, ""faces"": 3}}",true,true,true,,,,,,,,,,,,,,,draft,none,"[""Earn {C:money}$#1#{} if {C:attention}#2#{} or"", ""more {C:attention}face cards{}"", ""are discarded"", ""at the same time""]","[{""n"": 1, ""expr"": ""self.ability.extra.dollars"", ""value"": ""5"", ""kind"": ""static""}, {""n"": 2, ""expr"": ""self.ability.extra.faces"", ""value"": ""3"", ""kind"": ""static""}]"
58,j_green_joker,Green Joker,Common,4,Scaling Mult,+1 Mult per hand played -1 Mult per discard (Currently +0 Mult),"{""extra"": {""hand_add"": 1, ""discard_sub"": 1}}",true,true,false,,,,,,,,,,,,,,,draft,none,"[""{C:mult}+#1#{} Mult per hand played"", ""{C:mult}-#2#{} Mult per discard"", ""{C:inactive}(Currently {C:mult}+#3#{C:inactive} Mult)""]","[{""n"": 1, ""expr"": ""self.ability.extra.hand_add"", ""value"": ""1"", ""kind"": ""static""}, {""n"": 2, ""expr"": ""self.ability.extra.discard_sub"", ""value"": ""1"", ""kind"": ""static""}, {""n"": 3, ""expr"": ""self.ability.mult"", ""value"": ""0"", ""kind"": ""static""}]"
59,j_superposition,Superposition,Common,4,Card generation,Create a Tarot card if poker hand contains an Ace and a Straight (Must have room),{},true,true,true,,,,,,,,,,,,,,,draft,none,"[""Create a {C:tarot}Tarot{} card if"", ""poker hand contains an"", ""{C:attention}Ace{} and a {C:attention}Straight{}"", ""{C:inactive}(Must have room)""]","[{""n"": 1, ""expr"": ""self.ability.extra"", ""value"": ""<?>"", ""kind"": ""unresolved""}]"
60,j_todo_list,To Do List,Common,4,Economy,"Earn $4 if poker hand is a <?>, poker hand changes at end of round","{""extra"": {""dollars"": 4, ""poker_hand"": ""High Card""}}",true,true,true,,,,,,,,,,,,,,,draft,none,"[""Earn {C:money}$#1#{} if {C:attention}poker hand{}"", ""is a {C:attention}#2#{},"", ""poker hand changes"", ""at end of round""]","[{""n"": 1, ""expr"": ""self.ability.extra.dollars"", ""value"": ""4"", ""kind"": ""static""}, {""n"": 2, ""expr"": ""localize(self.ability.to_do_poker_hand, 'poker_hands')"", ""value"": ""<?>"", ""kind"": ""unresolved""}]"
61,j_cavendish,Cavendish,Common,4,Self-destructing / decaying,X3 Mult 1 in 1000 chance this card is destroyed at end of round,"{""extra"": {""odds"": 1000, ""Xmult"": 3}}",true,false,true,,,,,,,,,,,,,,,draft,none,"[""{X:mult,C:white} X#1# {} Mult"", ""{C:green}#2# in #3#{} chance this"", ""card is destroyed"", ""at end of round""]","[{""n"": 1, ""expr"": ""self.ability.extra.Xmult"", ""value"": ""3"", ""kind"": ""static""}, {""n"": 2, ""expr"": ""''..(G.GAME and G.GAME.probabilities.normal or 1)"", ""value"": ""1"", ""kind"": ""static""}, {""n"": 3, ""expr"": ""self.ability.extra.odds"", ""value"": ""1000"", ""kind"": ""static""}]"
62,j_card_sharp,Card Sharp,Uncommon,6,xMult,X3 Mult if played poker hand has already been played this round,"{""extra"": {""Xmult"": 3}}",true,true,true,,,,,,,,,,,,,,,draft,none,"[""{X:mult,C:white} X#1# {} Mult if played"", ""{C:attention}poker hand{} has already"", ""been played this round""]","[{""n"": 1, ""expr"": ""self.ability.extra.Xmult"", ""value"": ""3"", ""kind"": ""static""}]"
63,j_red_card,Red Card,Common,5,Scaling Mult,This Joker gains +3 Mult when any Booster Pack is skipped (Currently +0 Mult),"{""extra"": 3}",true,true,false,,,,,,,,,,,,,,,draft,none,"[""This Joker gains"", ""{C:red}+#1#{} Mult when any"", ""{C:attention}Booster Pack{} is skipped"", ""{C:inactive}(Currently {C:red}+#2#{C:inactive} Mult)""]","[{""n"": 1, ""expr"": ""self.ability.extra"", ""value"": ""3"", ""kind"": ""static""}, {""n"": 2, ""expr"": ""self.ability.mult"", ""value"": ""0"", ""kind"": ""static""}]"
64,j_madness,Madness,Uncommon,7,Scaling xMult,"When Small Blind or Big Blind is selected, gain X0.5 Mult and destroy a random Joker (Currently X1 Mult)","{""extra"": 0.5}",true,true,false,,,,,,,,,,,,,,,draft,none,"[""When {C:attention}Small Blind{} or {C:attention}Big Blind{}"", ""is selected, gain {X:mult,C:white} X#1# {} Mult"", ""and {C:attention}destroy{} a random Joker"", ""{C:inactive}(Currently {X:mult,C:white} X#2# {C:inactive} Mult)""]","[{""n"": 1, ""expr"": ""self.ability.extra"", ""value"": ""0.5"", ""kind"": ""static""}, {""n"": 2, ""expr"": ""self.ability.x_mult"", ""value"": ""1"", ""kind"": ""static""}]"
65,j_square,Square Joker,Common,4,Scaling Chips,This Joker gains +4 Chips if played hand has exactly 4 cards (Currently 0 Chips),"{""extra"": {""chips"": 0, ""chip_mod"": 4}}",true,true,false,,,,,,,,,,,,,,,draft,none,"[""This Joker gains {C:chips}+#2#{} Chips"", ""if played hand has"", ""exactly {C:attention}4{} cards"", ""{C:inactive}(Currently {C:chips}#1#{C:inactive} Chips)""]","[{""n"": 1, ""expr"": ""self.ability.extra.chips"", ""value"": ""0"", ""kind"": ""static""}, {""n"": 2, ""expr"": ""self.ability.extra.chip_mod"", ""value"": ""4"", ""kind"": ""static""}]"
66,j_seance,Séance,Uncommon,6,Card generation,"If poker hand is a Straight Flush, create a random Spectral card (Must have room)","{""extra"": {""poker_hand"": ""Straight Flush""}}",true,true,true,,,,,,,,,,,,,,,draft,none,"[""If {C:attention}poker hand{} is a"", ""{C:attention}#1#{}, create a"", ""random {C:spectral}Spectral{} card"", ""{C:inactive}(Must have room)""]","[{""n"": 1, ""expr"": ""localize(self.ability.extra.poker_hand, 'poker_hands')"", ""value"": ""Straight Flush"", ""kind"": ""static""}]"
67,j_riff_raff,Riff-Raff,Common,6,Card generation,"When Blind is selected, create 2 Common Jokers (Must have room)","{""extra"": 2}",true,true,true,,,,,,,,,,,,,,,draft,none,"[""When {C:attention}Blind{} is selected,"", ""create {C:attention}#1# {C:blue}Common{C:attention} Jokers"", ""{C:inactive}(Must have room)""]","[{""n"": 1, ""expr"": ""self.ability.extra"", ""value"": ""2"", ""kind"": ""static""}]"
68,j_vampire,Vampire,Uncommon,7,Scaling xMult,"This Joker gains X0.1 Mult per scoring Enhanced card played, removes card Enhancement (Currently X1 Mult)","{""extra"": 0.1, ""Xmult"": 1}",true,true,false,,,,,,,,,,,,,,,draft,none,"[""This Joker gains {X:mult,C:white} X#1# {} Mult"", ""per scoring {C:attention}Enhanced card{} played,"", ""removes card {C:attention}Enhancement"", ""{C:inactive}(Currently {X:mult,C:white} X#2# {C:inactive} Mult)""]","[{""n"": 1, ""expr"": ""self.ability.extra"", ""value"": ""0.1"", ""kind"": ""static""}, {""n"": 2, ""expr"": ""self.ability.x_mult"", ""value"": ""1"", ""kind"": ""static""}]"
69,j_shortcut,Shortcut,Uncommon,7,Rule change,Allows Straights to be made with gaps of 1 rank (ex: 10 8 6 5 3),{},false,true,true,,,,,,,,,,,,,,,draft,none,"[""Allows {C:attention}Straights{} to be"", ""made with gaps of {C:attention}1 rank"", ""{C:inactive}(ex: {C:attention}10 8 6 5 3{C:inactive})""]",[]
70,j_hologram,Hologram,Uncommon,7,Scaling xMult,This Joker gains X0.25 Mult every time a playing card is added to your deck (Currently X1 Mult),"{""extra"": 0.25, ""Xmult"": 1}",true,true,false,,,,,,,,,,,,,,,draft,none,"[""This Joker gains {X:mult,C:white} X#1# {} Mult"", ""every time a {C:attention}playing card{}"", ""is added to your deck"", ""{C:inactive}(Currently {X:mult,C:white} X#2# {C:inactive} Mult)""]","[{""n"": 1, ""expr"": ""self.ability.extra"", ""value"": ""0.25"", ""kind"": ""static""}, {""n"": 2, ""expr"": ""self.ability.x_mult"", ""value"": ""1"", ""kind"": ""static""}]"
71,j_vagabond,Vagabond,Rare,8,Card generation,Create a Tarot card if hand is played with $4 or less,"{""extra"": 4}",true,true,true,,,,,,,,,,,,,,,draft,none,"[""Create a {C:purple}Tarot{} card"", ""if hand is played"", ""with {C:money}$#1#{} or less""]","[{""n"": 1, ""expr"": ""self.ability.extra"", ""value"": ""4"", ""kind"": ""static""}]"
72,j_baron,Baron,Rare,8,Rank-conditional,Each King held in hand gives X1.5 Mult,"{""extra"": 1.5}",true,true,true,,,,,,,,,,,,,,,draft,none,"[""Each {C:attention}King{}"", ""held in hand"", ""gives {X:mult,C:white} X#1# {} Mult""]","[{""n"": 1, ""expr"": ""self.ability.extra"", ""value"": ""1.5"", ""kind"": ""static""}]"
73,j_cloud_9,Cloud 9,Uncommon,7,Economy,Earn $1 for each 9 in your full deck at end of round (Currently $0),"{""extra"": 1}",false,true,true,,,,,,,,,,,,,,,draft,none,"[""Earn {C:money}$#1#{} for each"", ""{C:attention}9{} in your {C:attention}full deck"", ""at end of round"", ""{C:inactive}(Currently {C:money}$#2#{}{C:inactive})""]","[{""n"": 1, ""expr"": ""self.ability.extra"", ""value"": ""1"", ""kind"": ""static""}, {""n"": 2, ""expr"": ""self.ability.extra*(self.ability.nine_tally or 0)"", ""value"": ""0"", ""kind"": ""runtime""}]"
74,j_rocket,Rocket,Uncommon,6,Economy,Earn $1 at end of round Payout increases by $2 when Boss Blind is defeated,"{""extra"": {""dollars"": 1, ""increase"": 2}}",false,true,false,,,,,,,,,,,,,,,draft,none,"[""Earn {C:money}$#1#{} at end of round"", ""Payout increases by {C:money}$#2#{}"", ""when {C:attention}Boss Blind{} is defeated""]","[{""n"": 1, ""expr"": ""self.ability.extra.dollars"", ""value"": ""1"", ""kind"": ""static""}, {""n"": 2, ""expr"": ""self.ability.extra.increase"", ""value"": ""2"", ""kind"": ""static""}]"
75,j_obelisk,Obelisk,Rare,8,Scaling xMult,This Joker gains X0.2 Mult per consecutive hand played without playing your most played poker hand (Currently X1 Mult),"{""extra"": 0.2, ""Xmult"": 1}",true,true,false,,,,,,,,,,,,,,,draft,none,"[""This Joker gains {X:mult,C:white} X#1# {} Mult"", ""per {C:attention}consecutive{} hand played"", ""without playing your"", ""most played {C:attention}poker hand"", ""{C:inactive}(Currently {X:mult,C:white} X#2# {C:inactive} Mult)""]","[{""n"": 1, ""expr"": ""self.ability.extra"", ""value"": ""0.2"", ""kind"": ""static""}, {""n"": 2, ""expr"": ""self.ability.x_mult"", ""value"": ""1"", ""kind"": ""static""}]"
76,j_midas_mask,Midas Mask,Uncommon,7,Deck manipulation,All played face cards become Gold cards when scored,{},false,true,true,,,,,,,,,,,,,,,draft,none,"[""All played {C:attention}face{} cards"", ""become {C:attention}Gold{} cards"", ""when scored""]",[]
77,j_luchador,Luchador,Uncommon,5,Other,Sell this card to disable the current Boss Blind,{},true,false,true,,,,,,,,,,,,,,,draft,none,"[""Sell this card to"", ""disable the current"", ""{C:attention}Boss Blind{}""]",[]
78,j_photograph,Photograph,Common,5,Rank-conditional,First played face card gives X2 Mult when scored,"{""extra"": 2}",true,true,true,,,,,,,,,,,,,,,draft,none,"[""First played {C:attention}face"", ""card gives {X:mult,C:white} X#1# {} Mult"", ""when scored""]","[{""n"": 1, ""expr"": ""self.ability.extra"", ""value"": ""2"", ""kind"": ""static""}]"
79,j_gift,Gift Card,Uncommon,6,Economy,Add $1 of sell value to every Joker and Consumable card at end of round,"{""extra"": 1}",false,true,true,,,,,,,,,,,,,,,draft,none,"[""Add {C:money}$#1#{} of {C:attention}sell value"", ""to every {C:attention}Joker{} and"", ""{C:attention}Consumable{} card at"", ""end of round""]","[{""n"": 1, ""expr"": ""self.ability.extra"", ""value"": ""1"", ""kind"": ""static""}]"
80,j_turtle_bean,Turtle Bean,Uncommon,6,Hands & discards,"+5 hand size, reduces by 1 every round","{""extra"": {""h_size"": 5, ""h_mod"": 1}}",false,false,true,,,,,,,,,,,,,,,draft,none,"[""{C:attention}+#1#{} hand size,"", ""reduces by"", ""{C:red}#2#{} every round""]","[{""n"": 1, ""expr"": ""self.ability.extra.h_size"", ""value"": ""5"", ""kind"": ""static""}, {""n"": 2, ""expr"": ""self.ability.extra.h_mod"", ""value"": ""1"", ""kind"": ""static""}]"
81,j_erosion,Erosion,Uncommon,6,Flat Mult,+4 Mult for each card below <?> in your full deck (Currently +0 Mult),"{""extra"": 4}",true,true,true,,,,,,,,,,,,,,,draft,none,"[""{C:red}+#1#{} Mult for each"", ""card below {C:attention}#3#{}"", ""in your full deck"", ""{C:inactive}(Currently {C:red}+#2#{C:inactive} Mult)""]","[{""n"": 1, ""expr"": ""self.ability.extra"", ""value"": ""4"", ""kind"": ""static""}, {""n"": 2, ""expr"": ""math.max(0,self.ability.extra*(G.playing_cards and (G.GAME.starting_deck_size - #G.playing_cards) or 0))"", ""value"": ""0"", ""kind"": ""runtime""}, {""n"": 3, ""expr"": ""G.GAME.starting_deck_size"", ""value"": ""<?>"", ""kind"": ""unresolved""}]"
82,j_reserved_parking,Reserved Parking,Common,6,Probability,Each face card held in hand has a 1 in 2 chance to give $1,"{""extra"": {""odds"": 2, ""dollars"": 1}}",true,true,true,,,,,,,,,,,,,,,draft,none,"[""Each {C:attention}face{} card"", ""held in hand has"", ""a {C:green}#2# in #3#{} chance"", ""to give {C:money}$#1#{}""]","[{""n"": 1, ""expr"": ""self.ability.extra.dollars"", ""value"": ""1"", ""kind"": ""static""}, {""n"": 2, ""expr"": ""''..(G.GAME and G.GAME.probabilities.normal or 1)"", ""value"": ""1"", ""kind"": ""static""}, {""n"": 3, ""expr"": ""self.ability.extra.odds"", ""value"": ""2"", ""kind"": ""static""}]"
83,j_mail,Mail-In Rebate,Common,4,Economy,"Earn $5 for each discarded <?>, rank changes every round","{""extra"": 5}",true,true,true,,,,,,,,,,,,,,,draft,none,"[""Earn {C:money}$#1#{} for each"", ""discarded {C:attention}#2#{}, rank"", ""changes every round""]","[{""n"": 1, ""expr"": ""self.ability.extra"", ""value"": ""5"", ""kind"": ""static""}, {""n"": 2, ""expr"": ""localize(G.GAME.current_round.mail_card.rank, 'ranks')"", ""value"": ""<?>"", ""kind"": ""unresolved""}]"
84,j_to_the_moon,To the Moon,Uncommon,5,Economy,Earn an extra $1 of interest for every $5 you have at end of round,"{""extra"": 1}",false,true,true,,,,,,,,,,,,,,,draft,none,"[""Earn an extra {C:money}$#1#{} of"", ""{C:attention}interest{} for every {C:money}$5{} you"", ""have at end of round""]","[{""n"": 1, ""expr"": ""self.ability.extra"", ""value"": ""1"", ""kind"": ""static""}]"
85,j_hallucination,Hallucination,Common,4,Probability,1 in 2 chance to create a Tarot card when any Booster Pack is opened (Must have room),"{""extra"": 2}",true,true,true,,,,,,,,,,,,,,,draft,none,"[""{C:green}#1# in #2#{} chance to create"", ""a {C:tarot}Tarot{} card when any"", ""{C:attention}Booster Pack{} is opened"", ""{C:inactive}(Must have room)""]","[{""n"": 1, ""expr"": ""G.GAME.probabilities.normal"", ""value"": ""1"", ""kind"": ""static""}, {""n"": 2, ""expr"": ""self.ability.extra"", ""value"": ""2"", ""kind"": ""static""}]"
86,j_fortune_teller,Fortune Teller,Common,6,Scaling Mult,+1 Mult per Tarot card used this run (Currently +0),"{""extra"": 1}",true,true,true,,,,,,,,,,,,,,,draft,none,"[""{C:red}+#1#{} Mult per {C:purple}Tarot{}"", ""card used this run"", ""{C:inactive}(Currently {C:red}+#2#{C:inactive})""]","[{""n"": 1, ""expr"": ""self.ability.extra"", ""value"": ""1"", ""kind"": ""static""}, {""n"": 2, ""expr"": ""(G.GAME.consumeable_usage_total and G.GAME.consumeable_usage_total.tarot or 0)"", ""value"": ""0"", ""kind"": ""runtime""}]"
87,j_juggler,Juggler,Common,4,Hands & discards,+1 hand size,"{""h_size"": 1}",false,true,true,,,,,,,,,,,,,,,draft,none,"[""{C:attention}+#1#{} hand size""]","[{""n"": 1, ""expr"": ""self.ability.h_size"", ""value"": ""1"", ""kind"": ""static""}]"
88,j_drunkard,Drunkard,Common,4,Hands & discards,+1 discard each round,"{""d_size"": 1}",false,true,true,,,,,,,,,,,,,,,draft,none,"[""{C:red}+#1#{} discard"", ""each round""]","[{""n"": 1, ""expr"": ""self.ability.d_size"", ""value"": ""1"", ""kind"": ""static""}]"
89,j_stone,Stone Joker,Uncommon,6,Flat Chips,Gives +25 Chips for each Stone Card in your full deck (Currently +0 Chips),"{""extra"": 25}",true,true,true,,,,,,,,,,,,,,,draft,none,"[""Gives {C:chips}+#1#{} Chips for"", ""each {C:attention}Stone Card"", ""in your {C:attention}full deck"", ""{C:inactive}(Currently {C:chips}+#2#{C:inactive} Chips)""]","[{""n"": 1, ""expr"": ""self.ability.extra"", ""value"": ""25"", ""kind"": ""static""}, {""n"": 2, ""expr"": ""self.ability.extra*(self.ability.stone_tally or 0)"", ""value"": ""0"", ""kind"": ""runtime""}]"
90,j_golden,Golden Joker,Common,6,Economy,Earn $4 at end of round,"{""extra"": 4}",false,true,true,,,,,,,,,,,,,,,draft,none,"[""Earn {C:money}$#1#{} at"", ""end of round""]","[{""n"": 1, ""expr"": ""self.ability.extra"", ""value"": ""4"", ""kind"": ""static""}]"
91,j_lucky_cat,Lucky Cat,Uncommon,6,Scaling xMult,This Joker gains X0.25 Mult every time a Lucky card successfully triggers (Currently X1 Mult),"{""Xmult"": 1, ""extra"": 0.25}",true,true,false,,,,,,,,,,,,,,,draft,none,"[""This Joker gains {X:mult,C:white} X#1# {} Mult"", ""every time a {C:attention}Lucky{} card"", ""{C:green}successfully{} triggers"", ""{C:inactive}(Currently {X:mult,C:white} X#2# {C:inactive} Mult)""]","[{""n"": 1, ""expr"": ""self.ability.extra"", ""value"": ""0.25"", ""kind"": ""static""}, {""n"": 2, ""expr"": ""self.ability.x_mult"", ""value"": ""1"", ""kind"": ""static""}]"
92,j_baseball,Baseball Card,Rare,8,xMult,Uncommon Jokers each give X1.5 Mult,"{""extra"": 1.5}",true,true,true,,,,,,,,,,,,,,,draft,none,"[""{C:green}Uncommon{} Jokers"", ""each give {X:mult,C:white} X#1# {} Mult""]","[{""n"": 1, ""expr"": ""self.ability.extra"", ""value"": ""1.5"", ""kind"": ""static""}]"
93,j_bull,Bull,Uncommon,6,Flat Chips,+2 Chips for each $1 you have (Currently +<?> Chips),"{""extra"": 2}",true,true,true,,,,,,,,,,,,,,,draft,none,"[""{C:chips}+#1#{} Chips for"", ""each {C:money}$1{} you have"", ""{C:inactive}(Currently {C:chips}+#2#{C:inactive} Chips)""]","[{""n"": 1, ""expr"": ""self.ability.extra"", ""value"": ""2"", ""kind"": ""static""}, {""n"": 2, ""expr"": ""self.ability.extra*math.max(0,G.GAME.dollars) or 0"", ""value"": ""<?>"", ""kind"": ""unresolved""}]"
94,j_diet_cola,Diet Cola,Uncommon,6,Card generation,Sell this card to create a free Double Tag,{},true,false,true,,,,,,,,,,,,,,,draft,none,"[""Sell this card to"", ""create a free"", ""{C:attention}#1#""]","[{""n"": 1, ""expr"": ""localize{type = 'name_text', set = 'Tag', key = 'tag_double', nodes = {}}"", ""value"": ""Double Tag"", ""kind"": ""static""}]"
95,j_trading,Trading Card,Uncommon,6,Economy,"If first discard of round has only 1 card, destroy it and earn $3","{""extra"": 3}",false,true,true,,,,,,,,,,,,,,,draft,none,"[""If {C:attention}first discard{} of round"", ""has only {C:attention}1{} card, destroy"", ""it and earn {C:money}$#1#""]","[{""n"": 1, ""expr"": ""self.ability.extra"", ""value"": ""3"", ""kind"": ""static""}]"
96,j_flash,Flash Card,Uncommon,5,Scaling Mult,This Joker gains +2 Mult per reroll in the shop (Currently +0 Mult),"{""extra"": 2, ""mult"": 0}",true,true,false,,,,,,,,,,,,,,,draft,none,"[""This Joker gains {C:mult}+#1#{} Mult"", ""per {C:attention}reroll{} in the shop"", ""{C:inactive}(Currently {C:mult}+#2#{C:inactive} Mult)""]","[{""n"": 1, ""expr"": ""self.ability.extra"", ""value"": ""2"", ""kind"": ""static""}, {""n"": 2, ""expr"": ""self.ability.mult"", ""value"": ""0"", ""kind"": ""static""}]"
97,j_popcorn,Popcorn,Common,5,Self-destructing / decaying,+20 Mult -4 Mult per round played,"{""mult"": 20, ""extra"": 4}",true,false,true,,,,,,,,,,,,,,,draft,none,"[""{C:mult}+#1#{} Mult"", ""{C:mult}-#2#{} Mult per"", ""round played""]","[{""n"": 1, ""expr"": ""self.ability.mult"", ""value"": ""20"", ""kind"": ""static""}, {""n"": 2, ""expr"": ""self.ability.extra"", ""value"": ""4"", ""kind"": ""static""}]"
98,j_trousers,Spare Trousers,Uncommon,6,Scaling Mult,This Joker gains +2 Mult if played hand contains a Two Pair (Currently +0 Mult),"{""extra"": 2}",true,true,false,,,,,,,,,,,,,,,draft,none,"[""This Joker gains {C:mult}+#1#{} Mult"", ""if played hand contains"", ""a {C:attention}#2#"", ""{C:inactive}(Currently {C:red}+#3#{C:inactive} Mult)""]","[{""n"": 1, ""expr"": ""self.ability.extra"", ""value"": ""2"", ""kind"": ""static""}, {""n"": 2, ""expr"": ""localize('Two Pair', 'poker_hands')"", ""value"": ""Two Pair"", ""kind"": ""static""}, {""n"": 3, ""expr"": ""self.ability.mult"", ""value"": ""0"", ""kind"": ""static""}]"
99,j_ancient,Ancient Joker,Rare,8,Suit-conditional,"Each played card with <?> suit gives X1.5 Mult when scored, suit changes at end of round","{""extra"": 1.5}",true,true,true,,,,,,,,,,,,,,,draft,none,"[""Each played card with"", ""{V:1}#2#{} suit gives"", ""{X:mult,C:white} X#1# {} Mult when scored,"", ""{s:0.8}suit changes at end of round""]","[{""n"": 1, ""expr"": ""self.ability.extra"", ""value"": ""1.5"", ""kind"": ""static""}, {""n"": 2, ""expr"": ""localize(G.GAME.current_round.ancient_card.suit, 'suits_singular')"", ""value"": ""<?>"", ""kind"": ""unresolved""}]"
100,j_ramen,Ramen,Uncommon,6,Self-destructing / decaying,"X2 Mult, loses X0.01 Mult per card discarded","{""Xmult"": 2, ""extra"": 0.01}",true,false,true,,,,,,,,,,,,,,,draft,none,"[""{X:mult,C:white} X#1# {} Mult,"", ""loses {X:mult,C:white} X#2# {} Mult"", ""per {C:attention}card{} discarded""]","[{""n"": 1, ""expr"": ""self.ability.x_mult"", ""value"": ""2"", ""kind"": ""static""}, {""n"": 2, ""expr"": ""self.ability.extra"", ""value"": ""0.01"", ""kind"": ""static""}]"
101,j_walkie_talkie,Walkie Talkie,Common,4,Rank-conditional,Each played 10 or 4 gives +10 Chips and +4 Mult when scored,"{""extra"": {""chips"": 10, ""mult"": 4}}",true,true,true,,,,,,,,,,,,,,,draft,none,"[""Each played {C:attention}10{} or {C:attention}4"", ""gives {C:chips}+#1#{} Chips and"", ""{C:mult}+#2#{} Mult when scored""]","[{""n"": 1, ""expr"": ""self.ability.extra.chips"", ""value"": ""10"", ""kind"": ""static""}, {""n"": 2, ""expr"": ""self.ability.extra.mult"", ""value"": ""4"", ""kind"": ""static""}]"
102,j_selzer,Seltzer,Uncommon,6,Retrigger,Retrigger all cards played for the next 10 hands,"{""extra"": 10}",true,false,true,,,,,,,,,,,,,,,draft,none,"[""Retrigger all"", ""cards played for"", ""the next {C:attention}#1#{} hands""]","[{""n"": 1, ""expr"": ""self.ability.extra"", ""value"": ""10"", ""kind"": ""static""}]"
103,j_castle,Castle,Uncommon,6,Scaling Chips,"This Joker gains +3 Chips per discarded <?> card, suit changes every round (Currently +0 Chips)","{""extra"": {""chips"": 0, ""chip_mod"": 3}}",true,true,false,,,,,,,,,,,,,,,draft,none,"[""This Joker gains {C:chips}+#1#{} Chips"", ""per discarded {V:1}#2#{} card,"", ""suit changes every round"", ""{C:inactive}(Currently {C:chips}+#3#{C:inactive} Chips)""]","[{""n"": 1, ""expr"": ""self.ability.extra.chip_mod"", ""value"": ""3"", ""kind"": ""static""}, {""n"": 2, ""expr"": ""localize(G.GAME.current_round.castle_card.suit, 'suits_singular')"", ""value"": ""<?>"", ""kind"": ""unresolved""}, {""n"": 3, ""expr"": ""self.ability.extra.chips"", ""value"": ""0"", ""kind"": ""static""}]"
104,j_smiley,Smiley Face,Common,4,Rank-conditional,Played face cards give +5 Mult when scored,"{""extra"": 5}",true,true,true,,,,,,,,,,,,,,,draft,none,"[""Played {C:attention}face{} cards"", ""give {C:mult}+#1#{} Mult"", ""when scored""]","[{""n"": 1, ""expr"": ""self.ability.extra"", ""value"": ""5"", ""kind"": ""static""}]"
105,j_campfire,Campfire,Rare,9,Scaling xMult,"This Joker gains X0.25 Mult for each card sold, resets when Boss Blind is defeated (Currently X1 Mult)","{""extra"": 0.25}",true,true,true,,,,,,,,,,,,,,,draft,none,"[""This Joker gains {X:mult,C:white}X#1#{} Mult"", ""for each card {C:attention}sold{}, resets"", ""when {C:attention}Boss Blind{} is defeated"", ""{C:inactive}(Currently {X:mult,C:white} X#2# {C:inactive} Mult)""]","[{""n"": 1, ""expr"": ""self.ability.extra"", ""value"": ""0.25"", ""kind"": ""static""}, {""n"": 2, ""expr"": ""self.ability.x_mult"", ""value"": ""1"", ""kind"": ""static""}]"
106,j_ticket,Golden Ticket,Common,5,Economy,Played Gold cards earn $4 when scored,"{""extra"": 4}",true,true,true,,,,,,,,,,,,,,,draft,none,"[""Played {C:attention}Gold{} cards"", ""earn {C:money}$#1#{} when scored""]","[{""n"": 1, ""expr"": ""self.ability.extra"", ""value"": ""4"", ""kind"": ""static""}]"
107,j_mr_bones,Mr. Bones,Uncommon,5,Other,Prevents Death if chips scored are at least 25% of required chips self destructs,{},false,false,true,,,,,,,,,,,,,,,draft,none,"[""Prevents Death"", ""if chips scored"", ""are at least {C:attention}25%"", ""of required chips"", ""{S:1.1,C:red,E:2}self destructs{}""]",[]
108,j_acrobat,Acrobat,Uncommon,6,xMult,X3 Mult on final hand of round,"{""extra"": 3}",true,true,true,,,,,,,,,,,,,,,draft,none,"[""{X:red,C:white} X#1# {} Mult on {C:attention}final"", ""{C:attention}hand{} of round""]","[{""n"": 1, ""expr"": ""self.ability.extra"", ""value"": ""3"", ""kind"": ""static""}]"
109,j_sock_and_buskin,Sock and Buskin,Uncommon,6,Retrigger,Retrigger all played face cards,"{""extra"": 1}",true,true,true,,,,,,,,,,,,,,,draft,none,"[""Retrigger all"", ""played {C:attention}face{} cards""]","[{""n"": 1, ""expr"": ""self.ability.extra+1"", ""value"": ""2"", ""kind"": ""static""}]"
110,j_swashbuckler,Swashbuckler,Common,4,Flat Mult,Adds the sell value of all other owned Jokers to Mult (Currently +1 Mult),"{""mult"": 1}",true,true,true,,,,,,,,,,,,,,,draft,none,"[""Adds the sell value"", ""of all other owned"", ""{C:attention}Jokers{} to Mult"", ""{C:inactive}(Currently {C:mult}+#1#{C:inactive} Mult)""]","[{""n"": 1, ""expr"": ""self.ability.mult"", ""value"": ""1"", ""kind"": ""static""}]"
111,j_troubadour,Troubadour,Uncommon,6,Hands & discards,"+2 hand size, -1 hand each round","{""extra"": {""h_size"": 2, ""h_plays"": -1}}",false,true,true,,,,,,,,,,,,,,,draft,none,"[""{C:attention}+#1#{} hand size,"", ""{C:blue}-#2#{} hand each round""]","[{""n"": 1, ""expr"": ""self.ability.extra.h_size"", ""value"": ""2"", ""kind"": ""static""}, {""n"": 2, ""expr"": ""-self.ability.extra.h_plays"", ""value"": ""1"", ""kind"": ""static""}]"
112,j_certificate,Certificate,Uncommon,6,Deck manipulation,"When round begins, add a random playing card with a random seal to your hand",{},true,true,true,,,,,,,,,,,,,,,draft,none,"[""When round begins,"", ""add a random {C:attention}playing"", ""{C:attention}card{} with a random"", ""{C:attention}seal{} to your hand""]","[{""n"": 1, ""expr"": ""self.ability.extra"", ""value"": ""<?>"", ""kind"": ""unresolved""}]"
113,j_smeared,Smeared Joker,Uncommon,7,Rule change,"Hearts and Diamonds count as the same suit, Spades and Clubs count as the same suit",{},false,true,true,,,,,,,,,,,,,,,draft,none,"[""{C:hearts}Hearts{} and {C:diamonds}Diamonds"", ""count as the same suit,"", ""{C:spades}Spades{} and {C:clubs}Clubs"", ""count as the same suit""]",[]
114,j_throwback,Throwback,Uncommon,6,Scaling xMult,X0.25 Mult for each Blind skipped this run (Currently X1 Mult),"{""extra"": 0.25}",true,true,true,,,,,,,,,,,,,,,draft,none,"[""{X:mult,C:white} X#1# {} Mult for each"", ""{C:attention}Blind{} skipped this run"", ""{C:inactive}(Currently {X:mult,C:white} X#2# {C:inactive} Mult)""]","[{""n"": 1, ""expr"": ""self.ability.extra"", ""value"": ""0.25"", ""kind"": ""static""}, {""n"": 2, ""expr"": ""self.ability.x_mult"", ""value"": ""1"", ""kind"": ""static""}]"
115,j_hanging_chad,Hanging Chad,Common,4,Retrigger,Retrigger first played card used in scoring 2 additional times,"{""extra"": 2}",true,true,true,,,,,,,,,,,,,,,draft,none,"[""Retrigger {C:attention}first{} played"", ""card used in scoring"", ""{C:attention}#1#{} additional times""]","[{""n"": 1, ""expr"": ""self.ability.extra"", ""value"": ""2"", ""kind"": ""static""}]"
116,j_rough_gem,Rough Gem,Uncommon,7,Suit-conditional,Played cards with Diamond suit earn $1 when scored,"{""extra"": 1}",true,true,true,,,,,,,,,,,,,,,draft,none,"[""Played cards with"", ""{C:diamonds}Diamond{} suit earn"", ""{C:money}$#1#{} when scored""]","[{""n"": 1, ""expr"": ""self.ability.extra"", ""value"": ""1"", ""kind"": ""static""}]"
117,j_bloodstone,Bloodstone,Uncommon,7,Suit-conditional,1 in 2 chance for played cards with Heart suit to give X1.5 Mult when scored,"{""extra"": {""odds"": 2, ""Xmult"": 1.5}}",true,true,true,,,,,,,,,,,,,,,draft,none,"[""{C:green}#1# in #2#{} chance for"", ""played cards with"", ""{C:hearts}Heart{} suit to give"", ""{X:mult,C:white} X#3# {} Mult when scored""]","[{""n"": 1, ""expr"": ""''..(G.GAME and G.GAME.probabilities.normal or 1)"", ""value"": ""1"", ""kind"": ""static""}, {""n"": 2, ""expr"": ""self.ability.extra.odds"", ""value"": ""2"", ""kind"": ""static""}, {""n"": 3, ""expr"": ""self.ability.extra.Xmult"", ""value"": ""1.5"", ""kind"": ""static""}]"
118,j_arrowhead,Arrowhead,Uncommon,7,Suit-conditional,Played cards with Spade suit give +50 Chips when scored,"{""extra"": 50}",true,true,true,,,,,,,,,,,,,,,draft,none,"[""Played cards with"", ""{C:spades}Spade{} suit give"", ""{C:chips}+#1#{} Chips when scored""]","[{""n"": 1, ""expr"": ""self.ability.extra"", ""value"": ""50"", ""kind"": ""static""}]"
119,j_onyx_agate,Onyx Agate,Uncommon,7,Suit-conditional,Played cards with Club suit give +7 Mult when scored,"{""extra"": 7}",true,true,true,,,,,,,,,,,,,,,draft,none,"[""Played cards with"", ""{C:clubs}Club{} suit give"", ""{C:mult}+#1#{} Mult when scored""]","[{""n"": 1, ""expr"": ""self.ability.extra"", ""value"": ""7"", ""kind"": ""static""}]"
120,j_glass,Glass Joker,Uncommon,6,Scaling xMult,This Joker gains X0.75 Mult for every Glass Card that is destroyed (Currently X1 Mult),"{""extra"": 0.75, ""Xmult"": 1}",true,true,false,,,,,,,,,,,,,,,draft,none,"[""This Joker gains {X:mult,C:white} X#1# {} Mult"", ""for every {C:attention}Glass Card"", ""that is destroyed"", ""{C:inactive}(Currently {X:mult,C:white} X#2# {C:inactive} Mult)""]","[{""n"": 1, ""expr"": ""self.ability.extra"", ""value"": ""0.75"", ""kind"": ""static""}, {""n"": 2, ""expr"": ""self.ability.x_mult"", ""value"": ""1"", ""kind"": ""static""}]"
121,j_ring_master,Showman,Uncommon,5,Rule change,"Joker, Tarot, Planet, and Spectral cards may appear multiple times",{},false,true,true,,,,,,,,,,,,,,,draft,none,"[""{C:attention}Joker{}, {C:tarot}Tarot{}, {C:planet}Planet{},"", ""and {C:spectral}Spectral{} cards may"", ""appear multiple times""]",[]
122,j_flower_pot,Flower Pot,Uncommon,6,Suit-conditional,"X3 Mult if poker hand contains a Diamond card, Club card, Heart card, and Spade card","{""extra"": 3}",true,true,true,,,,,,,,,,,,,,,draft,none,"[""{X:mult,C:white} X#1# {} Mult if poker"", ""hand contains a"", ""{C:diamonds}Diamond{} card, {C:clubs}Club{} card,"", ""{C:hearts}Heart{} card, and {C:spades}Spade{} card""]","[{""n"": 1, ""expr"": ""self.ability.extra"", ""value"": ""3"", ""kind"": ""static""}]"
123,j_blueprint,Blueprint,Rare,10,Copy,Copies ability of Joker to the right,{},true,true,true,,,,,,,,,,,,,,,draft,none,"[""Copies ability of"", ""{C:attention}Joker{} to the right""]",[]
124,j_wee,Wee Joker,Rare,8,Scaling Chips,This Joker gains +8 Chips when each played 2 is scored (Currently +0 Chips),"{""extra"": {""chips"": 0, ""chip_mod"": 8}}",true,true,false,,,,,,,,,,,,,,,draft,none,"[""This Joker gains"", ""{C:chips}+#2#{} Chips when each"", ""played {C:attention}2{} is scored"", ""{C:inactive}(Currently {C:chips}+#1#{C:inactive} Chips)""]","[{""n"": 1, ""expr"": ""self.ability.extra.chips"", ""value"": ""0"", ""kind"": ""static""}, {""n"": 2, ""expr"": ""self.ability.extra.chip_mod"", ""value"": ""8"", ""kind"": ""static""}]"
125,j_merry_andy,Merry Andy,Uncommon,7,Hands & discards,"+3 discards each round, -1 hand size","{""d_size"": 3, ""h_size"": -1}",false,true,true,,,,,,,,,,,,,,,draft,none,"[""{C:red}+#1#{} discards"", ""each round,"", ""{C:red}#2#{} hand size""]","[{""n"": 1, ""expr"": ""self.ability.d_size"", ""value"": ""3"", ""kind"": ""static""}, {""n"": 2, ""expr"": ""self.ability.h_size"", ""value"": ""-1"", ""kind"": ""static""}]"
126,j_oops,Oops! All 6s,Uncommon,4,Probability,Doubles all listed probabilities (ex: 1 in 3 -> 2 in 3),{},false,true,true,,,,,,,,,,,,,,,draft,none,"[""Doubles all {C:attention}listed"", ""{C:green,E:1,S:1.1}probabilities"", ""{C:inactive}(ex: {C:green}1 in 3{C:inactive} -> {C:green}2 in 3{C:inactive})""]",[]
127,j_idol,The Idol,Uncommon,6,xMult,Each played <?> of <?> gives X2 Mult when scored Card changes every round,"{""extra"": 2}",true,true,true,,,,,,,,,,,,,,,draft,none,"[""Each played {C:attention}#2#"", ""of {V:1}#3#{} gives"", ""{X:mult,C:white} X#1# {} Mult when scored"", ""{s:0.8}Card changes every round""]","[{""n"": 1, ""expr"": ""self.ability.extra"", ""value"": ""2"", ""kind"": ""static""}, {""n"": 2, ""expr"": ""localize(G.GAME.current_round.idol_card.rank, 'ranks')"", ""value"": ""<?>"", ""kind"": ""unresolved""}, {""n"": 3, ""expr"": ""localize(G.GAME.current_round.idol_card.suit, 'suits_plural')"", ""value"": ""<?>"", ""kind"": ""unresolved""}]"
128,j_seeing_double,Seeing Double,Uncommon,6,Suit-conditional,X2 Mult if played hand has a scoring Club card and a scoring card of any other suit,"{""extra"": 2}",true,true,true,,,,,,,,,,,,,,,draft,none,"[""{X:mult,C:white} X#1# {} Mult if played"", ""hand has a scoring"", ""{C:clubs}Club{} card and a scoring"", ""card of any other {C:attention}suit""]","[{""n"": 1, ""expr"": ""self.ability.extra"", ""value"": ""2"", ""kind"": ""static""}]"
129,j_matador,Matador,Uncommon,7,Economy,Earn $8 if played hand triggers the Boss Blind ability,"{""extra"": 8}",true,true,true,,,,,,,,,,,,,,,draft,none,"[""Earn {C:money}$#1#{} if played"", ""hand triggers the"", ""{C:attention}Boss Blind{} ability""]","[{""n"": 1, ""expr"": ""self.ability.extra"", ""value"": ""8"", ""kind"": ""static""}]"
130,j_hit_the_road,Hit the Road,Rare,8,Scaling xMult,This Joker gains X0.5 Mult for every Jack discarded this round (Currently X1 Mult),"{""extra"": 0.5}",true,true,true,,,,,,,,,,,,,,,draft,none,"[""This Joker gains {X:mult,C:white} X#1# {} Mult"", ""for every {C:attention}Jack{}"", ""discarded this round"", ""{C:inactive}(Currently {X:mult,C:white} X#2# {C:inactive} Mult)""]","[{""n"": 1, ""expr"": ""self.ability.extra"", ""value"": ""0.5"", ""kind"": ""static""}, {""n"": 2, ""expr"": ""self.ability.x_mult"", ""value"": ""1"", ""kind"": ""static""}]"
131,j_duo,The Duo,Rare,8,Hand-type-conditional,X2 Mult if played hand contains a Pair,"{""Xmult"": 2, ""type"": ""Pair""}",true,true,true,,,,,,,,,,,,,,,draft,none,"[""{X:mult,C:white} X#1# {} Mult if played"", ""hand contains"", ""a {C:attention}#2#""]","[{""n"": 1, ""expr"": ""self.ability.x_mult"", ""value"": ""2"", ""kind"": ""static""}, {""n"": 2, ""expr"": ""localize(self.ability.type, 'poker_hands')"", ""value"": ""Pair"", ""kind"": ""static""}]"
132,j_trio,The Trio,Rare,8,Hand-type-conditional,X3 Mult if played hand contains a Three of a Kind,"{""Xmult"": 3, ""type"": ""Three of a Kind""}",true,true,true,,,,,,,,,,,,,,,draft,none,"[""{X:mult,C:white} X#1# {} Mult if played"", ""hand contains"", ""a {C:attention}#2#""]","[{""n"": 1, ""expr"": ""self.ability.x_mult"", ""value"": ""3"", ""kind"": ""static""}, {""n"": 2, ""expr"": ""localize(self.ability.type, 'poker_hands')"", ""value"": ""Three of a Kind"", ""kind"": ""static""}]"
133,j_family,The Family,Rare,8,Hand-type-conditional,X4 Mult if played hand contains a Four of a Kind,"{""Xmult"": 4, ""type"": ""Four of a Kind""}",true,true,true,,,,,,,,,,,,,,,draft,none,"[""{X:mult,C:white} X#1# {} Mult if played"", ""hand contains"", ""a {C:attention}#2#""]","[{""n"": 1, ""expr"": ""self.ability.x_mult"", ""value"": ""4"", ""kind"": ""static""}, {""n"": 2, ""expr"": ""localize(self.ability.type, 'poker_hands')"", ""value"": ""Four of a Kind"", ""kind"": ""static""}]"
134,j_order,The Order,Rare,8,Hand-type-conditional,X3 Mult if played hand contains a Straight,"{""Xmult"": 3, ""type"": ""Straight""}",true,true,true,,,,,,,,,,,,,,,draft,none,"[""{X:mult,C:white} X#1# {} Mult if played"", ""hand contains"", ""a {C:attention}#2#""]","[{""n"": 1, ""expr"": ""self.ability.x_mult"", ""value"": ""3"", ""kind"": ""static""}, {""n"": 2, ""expr"": ""localize(self.ability.type, 'poker_hands')"", ""value"": ""Straight"", ""kind"": ""static""}]"
135,j_tribe,The Tribe,Rare,8,Hand-type-conditional,X2 Mult if played hand contains a Flush,"{""Xmult"": 2, ""type"": ""Flush""}",true,true,true,,,,,,,,,,,,,,,draft,none,"[""{X:mult,C:white} X#1# {} Mult if played"", ""hand contains"", ""a {C:attention}#2#""]","[{""n"": 1, ""expr"": ""self.ability.x_mult"", ""value"": ""2"", ""kind"": ""static""}, {""n"": 2, ""expr"": ""localize(self.ability.type, 'poker_hands')"", ""value"": ""Flush"", ""kind"": ""static""}]"
136,j_stuntman,Stuntman,Rare,7,Flat Chips,"+250 Chips, -2 hand size","{""extra"": {""h_size"": 2, ""chip_mod"": 250}}",true,true,true,,,,,,,,,,,,,,,draft,none,"[""{C:chips}+#1#{} Chips,"", ""{C:attention}-#2#{} hand size""]","[{""n"": 1, ""expr"": ""self.ability.extra.chip_mod"", ""value"": ""250"", ""kind"": ""static""}, {""n"": 2, ""expr"": ""self.ability.extra.h_size"", ""value"": ""2"", ""kind"": ""static""}]"
137,j_invisible,Invisible Joker,Rare,8,Copy,"After 2 rounds, sell this card to Duplicate a random Joker (Currently 0/2)","{""extra"": 2}",false,false,true,,,,,,,,,,,,,,,draft,none,"[""After {C:attention}#1#{} rounds,"", ""sell this card to"", ""{C:attention}Duplicate{} a random Joker"", ""{C:inactive}(Currently {C:attention}#2#{C:inactive}/#1#)""]","[{""n"": 1, ""expr"": ""self.ability.extra"", ""value"": ""2"", ""kind"": ""static""}, {""n"": 2, ""expr"": ""self.ability.invis_rounds"", ""value"": ""0"", ""kind"": ""runtime""}]"
138,j_brainstorm,Brainstorm,Rare,10,Copy,Copies the ability of leftmost Joker,{},true,true,true,,,,,,,,,,,,,,,draft,none,"[""Copies the ability"", ""of leftmost {C:attention}Joker""]",[]
139,j_satellite,Satellite,Uncommon,6,Economy,Earn $1 at end of round per unique Planet card used this run (Currently $<?>),"{""extra"": 1}",false,true,true,,,,,,,,,,,,,,,draft,none,"[""Earn {C:money}$#1#{} at end of"", ""round per unique {C:planet}Planet"", ""card used this run"", ""{C:inactive}(Currently {C:money}$#2#{C:inactive})""]","[{""n"": 1, ""expr"": ""self.ability.extra"", ""value"": ""1"", ""kind"": ""static""}, {""n"": 2, ""expr"": ""planets_used*self.ability.extra"", ""value"": ""<?>"", ""kind"": ""unresolved""}]"
140,j_shoot_the_moon,Shoot the Moon,Common,5,Rank-conditional,Each Queen held in hand gives +13 Mult,"{""extra"": 13}",true,true,true,,,,,,,,,,,,,,,draft,none,"[""Each {C:attention}Queen{}"", ""held in hand"", ""gives {C:mult}+#1#{} Mult""]","[{""n"": 1, ""expr"": ""self.ability.extra"", ""value"": ""13"", ""kind"": ""static""}]"
141,j_drivers_license,Driver's License,Rare,7,xMult,X3 Mult if you have at least 16 Enhanced cards in your full deck (Currently 0),"{""extra"": 3}",true,true,true,,,,,,,,,,,,,,,draft,none,"[""{X:mult,C:white} X#1# {} Mult if you have"", ""at least {C:attention}16{} Enhanced"", ""cards in your full deck"", ""{C:inactive}(Currently {C:attention}#2#{C:inactive})""]","[{""n"": 1, ""expr"": ""self.ability.extra"", ""value"": ""3"", ""kind"": ""static""}, {""n"": 2, ""expr"": ""self.ability.driver_tally or '0'"", ""value"": ""0"", ""kind"": ""runtime""}]"
142,j_cartomancer,Cartomancer,Uncommon,6,Card generation,Create a Tarot card when Blind is selected (Must have room),{},true,true,true,,,,,,,,,,,,,,,draft,none,"[""Create a {C:tarot}Tarot{} card"", ""when {C:attention}Blind{} is selected"", ""{C:inactive}(Must have room)""]",[]
143,j_astronomer,Astronomer,Uncommon,8,Economy,All Planet cards and Celestial Packs in the shop are free,{},false,true,true,,,,,,,,,,,,,,,draft,none,"[""All {C:planet}Planet{} cards and"", ""{C:planet}Celestial Packs{} in"", ""the shop are {C:attention}free""]","[{""n"": 1, ""expr"": ""self.ability.extra"", ""value"": ""<?>"", ""kind"": ""unresolved""}]"
144,j_burnt,Burnt Joker,Rare,8,Other,Upgrade the level of the first discarded poker hand each round,"{""h_size"": 0, ""extra"": 4}",true,true,true,,,,,,,,,,,,,,,draft,none,"[""Upgrade the level of"", ""the first {C:attention}discarded"", ""poker hand each round""]",[]
145,j_bootstraps,Bootstraps,Uncommon,7,Flat Mult,+2 Mult for every $5 you have (Currently +<?> Mult),"{""extra"": {""mult"": 2, ""dollars"": 5}}",true,true,true,,,,,,,,,,,,,,,draft,none,"[""{C:mult}+#1#{} Mult for every"", ""{C:money}$#2#{} you have"", ""{C:inactive}(Currently {C:mult}+#3#{C:inactive} Mult)""]","[{""n"": 1, ""expr"": ""self.ability.extra.mult"", ""value"": ""2"", ""kind"": ""static""}, {""n"": 2, ""expr"": ""self.ability.extra.dollars"", ""value"": ""5"", ""kind"": ""static""}, {""n"": 3, ""expr"": ""self.ability.extra.mult*math.floor((G.GAME.dollars + (G.GAME.dollar_buffer or 0))/self.ability.extra.dollars)"", ""value"": ""<?>"", ""kind"": ""unresolved""}]"
146,j_caino,Canio,Legendary,20,Legendary,This Joker gains X1 Mult when a face card is destroyed (Currently X1 Mult),"{""extra"": 1}",true,true,true,,,,,,,,,,,,,,,draft,none,"[""This Joker gains {X:mult,C:white} X#1# {} Mult"", ""when a {C:attention}face{} card"", ""is destroyed"", ""{C:inactive}(Currently {X:mult,C:white} X#2# {C:inactive} Mult)""]","[{""n"": 1, ""expr"": ""self.ability.extra"", ""value"": ""1"", ""kind"": ""static""}, {""n"": 2, ""expr"": ""self.ability.caino_xmult"", ""value"": ""1"", ""kind"": ""runtime""}]"
147,j_triboulet,Triboulet,Legendary,20,Legendary,Played Kings and Queens each give X2 Mult when scored,"{""extra"": 2}",true,true,true,,,,,,,,,,,,,,,draft,none,"[""Played {C:attention}Kings{} and"", ""{C:attention}Queens{} each give"", ""{X:mult,C:white} X#1# {} Mult when scored""]","[{""n"": 1, ""expr"": ""self.ability.extra"", ""value"": ""2"", ""kind"": ""static""}]"
148,j_yorick,Yorick,Legendary,20,Legendary,This Joker gains X1 Mult every 23 [23] cards discarded (Currently X1 Mult),"{""extra"": {""xmult"": 1, ""discards"": 23}}",true,true,true,,,,,,,,,,,,,,,draft,none,"[""This Joker gains"", ""{X:mult,C:white} X#1# {} Mult every {C:attention}#2#{C:inactive} [#3#]{}"", ""cards discarded"", ""{C:inactive}(Currently {X:mult,C:white} X#4# {C:inactive} Mult)""]","[{""n"": 1, ""expr"": ""self.ability.extra.xmult"", ""value"": ""1"", ""kind"": ""static""}, {""n"": 2, ""expr"": ""self.ability.extra.discards"", ""value"": ""23"", ""kind"": ""static""}, {""n"": 3, ""expr"": ""self.ability.yorick_discards"", ""value"": ""23"", ""kind"": ""runtime""}, {""n"": 4, ""expr"": ""self.ability.x_mult"", ""value"": ""1"", ""kind"": ""static""}]"
149,j_chicot,Chicot,Legendary,20,Legendary,Disables effect of every Boss Blind,{},false,true,true,,,,,,,,,,,,,,,draft,none,"[""Disables effect of"", ""every {C:attention}Boss Blind""]",[]
150,j_perkeo,Perkeo,Legendary,20,Legendary,Creates a Negative copy of 1 random consumable card in your possession at the end of the shop,{},true,true,true,,,,,,,,,,,,,,,draft,none,"[""Creates a {C:dark_edition}Negative{} copy of"", ""{C:attention}1{} random {C:attention}consumable{}"", ""card in your possession"", ""at the end of the {C:attention}shop""]","[{""n"": 1, ""expr"": ""self.ability.extra"", ""value"": ""<?>"", ""kind"": ""unresolved""}]"
